<?xml version="1.0" encoding="UTF-8" ?>
<!DOCTYPE struts PUBLIC
	"-//Apache Software Foundation//DTD Struts Configuration 2.3//EN"
	"http://struts.apache.org/dtds/struts-2.3.dtd">
<struts>
	<constant name="struts.custom.i18n.resources" value="mess"/>
	<constant name="struts.enable.DynamicMethodInvocation" value="false"/>
	<constant name="struts.devMode" value="true" />
	<package name="my.action" namespace="/" extends="struts-default">
		<action name="login1" class="my.action.Login1">
			<result name="success">/WEB-INF/content/index1.jsp</result>
		</action>
		<action name="login2" class="my.action.Login2">
			<result name="success">/WEB-INF/content/index2.jsp</result>
		</action>
		<action name="*">
			<result>/WEB-INF/content/{1}.jsp</result>
		</action>
	</package>
</struts>